loss,mae,rmse,val_loss,val_mae,val_rmse,learning_rate
0.029966767877340317,0.1331101655960083,0.17310911417007446,0.0285514984279871,0.13187353312969208,0.16897188127040863,0.0010000000474974513
0.027263663709163666,0.12650920450687408,0.16511711478233337,0.027892883867025375,0.13040870428085327,0.16701161861419678,0.0010000000474974513
0.026129622012376785,0.1236337348818779,0.16164658963680267,0.02717660926282406,0.12837925553321838,0.1648532897233963,0.0010000000474974513
0.02508687414228916,0.12102989852428436,0.15838836133480072,0.02672801911830902,0.1271766722202301,0.16348706185817719,0.0010000000474974513
0.024248309433460236,0.11890435963869095,0.15571868419647217,0.0270132627338171,0.12870439887046814,0.16435711085796356,0.0010000000474974513
0.02359609492123127,0.11721647530794144,0.1536101996898651,0.026871299371123314,0.12822651863098145,0.1639246642589569,0.0010000000474974513
0.02243397757411003,0.11409503221511841,0.1497797667980194,0.02687026932835579,0.1283196210861206,0.1639215350151062,0.0005000000237487257
